Frankie_Welsh Economics 105 0.86 welshf@rpi.edu
Jennifer_Vincent Communications 127 1.93 vincej@rpi.edu
Imogen_Goodwin Communications 41 0.92 goodwi@rpi.edu
Gideon_Sullivan Management 43 3.62 sullig@rpi.edu
Kayla_Atkinson Marketing 99 0.59 atkink@rpi.edu
Iris_Blackburn Business_Administration 66 1.40 blacki@rpi.edu
Hanna_Deleon Biology 27 1.36 deleoh@rpi.edu
Howard_Richard Architecture 13 1.67 richah@rpi.edu
Macy_Villa Philosophy 46 3.30 villam@rpi.edu
Eesa_Bailey ITWS 31 0.67 bailee@rpi.edu
Mathew_Short Mechanical_Engineering 102 2.02 shortm@rpi.edu
Jamie_Leach Electrical_Engineering 55 2.69 leachj@rpi.edu
Chloe_Flynn Accounting 35 0.56 flynnc@rpi.edu
Aran_Harvey Environmental_Engineering 93 2.29 harvea@rpi.edu
Willie_Adkins Philosophy 88 1.19 adkinw@rpi.edu
Annabelle_Mcintosh Nursing 84 3.98 mcinta@rpi.edu
Heather_Doherty Management 77 3.70 doherh@rpi.edu
Michael_Mcgee Art 52 0.91 mcgeem@rpi.edu
Ray_Kane Accounting 14 2.73 kaner@rpi.edu
Tammy_Webb Accounting 65 1.96 webbt@rpi.edu
Spencer_Benson Psychology 92 1.25 bensos@rpi.edu
Chaya_Meyer Biology 105 3.36 meyerc@rpi.edu
Faizan_Perry Mathematics 65 1.29 perryf@rpi.edu
Jasper_Macdonald Music 103 1.24 macdoj@rpi.edu
Rabia_Nicholson Management 126 1.45 nichor@rpi.edu
Alexandros_Salas Nursing 92 2.34 salasa@rpi.edu
Esme_Holman Music 15 1.50 holmae@rpi.edu
Jerome_Maxwell Psychology 42 0.76 maxwej@rpi.edu
Isra_O'Quinn ITWS 59 3.84 oquini@rpi.edu
Cecilia_Khan Criminal_Justice 47 3.54 khanc@rpi.edu
Pearl_Saunders Economics 108 2.60 saundp@rpi.edu
Niall_Blackwell Architecture 92 1.39 blackn@rpi.edu
Aamina_Harmon Game_Design 126 1.86 harmoa@rpi.edu
Gary_Bullock Communications 122 3.95 bullog@rpi.edu
Flynn_Bridges ITWS 123 3.78 bridgf@rpi.edu
Victoria_Elliott English 102 0.97 elliov@rpi.edu
Mattie_Cruz Philosophy 124 0.92 cruzm@rpi.edu
Kaylee_Owens Art 88 1.01 owensk@rpi.edu
Haroon_Wu Accounting 9 2.41 wuh@rpi.edu
Xanthe_Solis ITWS 59 0.44 solisx@rpi.edu
Fabian_Kirk Chemical_Engineering 15 3.29 kirkf@rpi.edu
Tariq_Daniels Accounting 107 0.97 daniet@rpi.edu
Joseph_Tucker Environmental_Science 5 2.75 tuckej@rpi.edu
Jacob_Armstrong Art 0 1.67 armstj@rpi.edu
Harriet_Weaver Chemistry 58 3.53 weaveh@rpi.edu
Kyan_Rowland Mathematics 11 1.06 rowlak@rpi.edu
Violet_Wong Environmental_Engineering 72 2.24 wongv@rpi.edu
Katelyn_Mayo Mechanical_Engineering 61 1.32 mayok@rpi.edu
Ava_O'Sullivan Business_Administration 30 0.19 osulla@rpi.edu
Mariya_Trujillo Architecture 123 1.08 trujim@rpi.edu
Valerie_Barron Pharmacy 20 1.49 barrov@rpi.edu
Anita_Jensen ITWS 69 2.18 jensea@rpi.edu
Malik_Jacobs Chemical_Engineering 121 2.51 jacobm@rpi.edu
Marie_Simpson Business_Administration 112 3.79 simpsm@rpi.edu
Celia_Copeland Mechanical_Engineering 17 2.28 copelc@rpi.edu
Gemma_Wyatt Physics 92 3.93 wyattg@rpi.edu
Halima_Malone Journalism 44 1.64 malonh@rpi.edu
Edmund_Benton Behavioral_Neuroscience 16 1.87 bentoe@rpi.edu
Elle_Wolf English 51 0.91 wolfe@rpi.edu
Frederic_Lucas Communications 80 2.59 lucasf@rpi.edu
Matilda_Warren Journalism 21 1.51 warrem@rpi.edu
Suzanne_Allen Accounting 111 0.75 allens@rpi.edu
Kaylum_Pearce Criminal_Justice 58 1.21 pearck@rpi.edu
Haseeb_Cross Art 117 0.29 crossh@rpi.edu
Willow_Mills Chemical_Engineering 26 1.93 millsw@rpi.edu
Ciaran_Zuniga Art 35 1.43 zunigc@rpi.edu
Kian_Ferrell Education 120 3.29 ferrek@rpi.edu
Carys_Shah Business_Administration 19 0.43 shahc@rpi.edu
Jason_Doyle Game_Design 78 1.38 doylej@rpi.edu
Kylie_Jones Game_Design 50 1.04 jonesk@rpi.edu
Kasey_Parks Mathematics 121 2.88 parksk@rpi.edu
Kathryn_Osborne ITWS 52 3.17 osbork@rpi.edu
Lorenzo_Zamora Behavioral_Neuroscience 78 1.43 zamorl@rpi.edu
Rahul_Caldwell Management 75 0.90 caldwr@rpi.edu
Cordelia_Gutierrez Electrical_Engineering 44 3.25 gutiec@rpi.edu
Albie_Padilla English 43 3.05 padila@rpi.edu
Lila_Lam ITWS 85 1.86 laml@rpi.edu
Nicole_Baird Economics 112 1.42 bairdn@rpi.edu
Markus_Craig Physics 59 3.07 craigm@rpi.edu
Sylvia_Andrews Spanish 83 3.48 andres@rpi.edu
Riley_Tanner English 51 2.28 tanner@rpi.edu
Yasmin_Bowman Business_Administration 112 1.46 bowmay@rpi.edu
Ayesha_Duran Chemical_Engineering 79 2.22 durana@rpi.edu
Stephanie_Vance Management 73 0.05 vances@rpi.edu
Roisin_Bird Art 78 1.30 birdr@rpi.edu
Madeline_Mendez Psychology 112 1.20 mendem@rpi.edu
Lisa_Bryant Criminal_Justice 10 2.26 bryanl@rpi.edu
Lee_Collins Journalism 72 3.08 collil@rpi.edu
Wilbur_Terry Biology 60 0.58 terryw@rpi.edu
Sahar_Banks Chemistry 24 0.62 bankss@rpi.edu
Cameron_Franklin Psychology 44 0.36 frankc@rpi.edu
Keanu_Santos Communications 14 1.79 santok@rpi.edu
Oscar_Foster Philosophy 45 0.71 fosteo@rpi.edu
Lacey_Mullins Business_Administration 66 2.81 mullil@rpi.edu
Wesley_Jefferson Chemistry 68 2.94 jeffew@rpi.edu
Tasnim_Carver Chemistry 77 3.99 carvet@rpi.edu
Elodie_Newman Education 127 1.96 newmae@rpi.edu
Roxanne_Hubbard Philosophy 84 0.13 hubbar@rpi.edu
Valentina_Camacho Architecture 94 2.95 camacv@rpi.edu
Aaminah_Wilson Business_Administration 108 2.84 wilsoa@rpi.edu
Monica_Santos Psychology 48 0.84 santom@rpi.edu
Bushra_Fuentes Business_Administration 35 3.36 fuentb@rpi.edu
Francesco_Holden Criminal_Justice 123 1.56 holdef@rpi.edu
Trey_Barton Environmental_Engineering 4 0.87 bartot@rpi.edu
Russell_Blackburn Environmental_Science 11 1.72 blackr@rpi.edu
Zubair_Meadows Spanish 58 3.36 meadoz@rpi.edu
Larissa_Mcgee Electrical_Engineering 62 3.87 mcgeel@rpi.edu
Zaki_Pitts Education 108 1.13 pittsz@rpi.edu
Isra_Carr Mathematics 51 0.55 carri@rpi.edu
Michelle_Mayer ITWS 80 1.21 mayerm@rpi.edu
Keira_Connolly Environmental_Engineering 20 2.11 connok@rpi.edu
Macie_Ho Physics 52 1.05 hom@rpi.edu
Kyran_O'Neill Psychology 32 3.50 oneilk@rpi.edu
Malachi_Mendoza Art 40 3.20 mendom@rpi.edu
Ammar_Glass Pharmacy 20 0.69 glassa@rpi.edu
Hugo_Hayes English 52 0.30 hayesh@rpi.edu
Aine_Mckenzie Music 120 3.72 mckena@rpi.edu
Edgar_Mcgowan Architecture 105 0.25 mcgowe@rpi.edu
Donald_Quinn Pharmacy 80 0.99 quinnd@rpi.edu
Deborah_Summers Mechanical_Engineering 105 2.98 summed@rpi.edu
Isha_O'Ryan Spanish 76 1.90 oryani@rpi.edu
Angelica_Weiss Management 37 2.09 weissa@rpi.edu
Leah_Osborn Mathematics 4 1.36 osborl@rpi.edu
Libbie_Mack Game_Design 20 3.94 mackl@rpi.edu
Tillie_Waters Electrical_Engineering 25 3.69 watert@rpi.edu
Floyd_Middleton Electrical_Engineering 87 0.50 middlf@rpi.edu
Ada_Sparks Spanish 27 1.42 sparka@rpi.edu
Erika_Holmes Environmental_Engineering 101 3.93 holmee@rpi.edu
Cara_Mendez Physics 8 3.67 mendec@rpi.edu
Darragh_Boyle Music 98 3.61 boyled@rpi.edu
Rosalie_Diaz Economics 96 2.59 diazr@rpi.edu
Elaine_Petersen Mechanical_Engineering 50 0.02 petere@rpi.edu
Hayden_Benson Chemistry 122 0.21 bensoh@rpi.edu
Tahlia_Sheppard Physics 53 3.28 sheppt@rpi.edu
Gail_Mclaughlin Business_Administration 102 3.08 mclaug@rpi.edu
Saskia_Robbins Mechanical_Engineering 24 0.36 robbis@rpi.edu
Laura_Herrera Communications 7 2.48 herrel@rpi.edu
Zohaib_Mcintosh Behavioral_Neuroscience 112 1.33 mcintz@rpi.edu
Veronica_Valentine Computer_Science 63 1.54 valenv@rpi.edu
Roberta_O'Connor Environmental_Science 41 3.68 oconnr@rpi.edu
Nana_Hahn English 124 0.46 hahnn@rpi.edu
Arman_Mccarthy Journalism 78 2.49 mccara@rpi.edu
Yousef_Todd Philosophy 83 2.33 toddy@rpi.edu
Logan_Carpenter Business_Administration 44 2.53 carpel@rpi.edu
Ewan_Suarez Game_Design 0 3.25 suaree@rpi.edu
Eugene_Dunn Philosophy 100 3.75 dunne@rpi.edu
Riya_Bentley Management 12 1.29 bentlr@rpi.edu
Shayla_Cochran Mathematics 113 2.14 cochrs@rpi.edu
Brodie_Davidson Architecture 124 3.04 davidb@rpi.edu
Alexia_Shields Electrical_Engineering 124 0.50 shiela@rpi.edu
